Office code,email,Adress,phone
18802,storgatan@yourCryptoExperts.com,"Storgatan 17, 352 30 Vaxjo",46722629784
18808,marconigatan@yourCryptoExperts.com,"Marconigatan 5, 421 42 Vastra Frolunda",46789727947
18871,skattekontor@yourCryptoExperts.com,"Skattekontor 2, 171 94 Solna",46705152151
18825,fblaszczyk3@vistaprint.com,"Esplanaden 1, 172 67 Sundbyberg",46706446078
18813,handenterminal@yourCryptoExperts.com,"Handenterminalen 5, 136 40 Handen",46782954093
18810,karlavagen@yourCryptoExperts.com,"Karlavagen 108, 115 26 Stockholm",46729771180
18812,turingegatan@yourCryptoExperts.com,"Turingegatan 24, 151 36 Sodertalje",46752943730
18837,mastorget@yourCryptoExperts.com,"Masttorget 6, 211 77 Malmo",46782862673
18809,smagatan@yourCryptoExperts.com,"Smagatan 12A, 891 33 Ornskoldsvik",46782548808
18863,hjalmar@yourCryptoExperts.com,"Hjalmar Gullbergsgatan 1, 211 49 Malmp",46795155388
